School Name,Private,Apps,Accept,Tuition/Semester,Personal Spending/Semester,Book Costs/Semester,Room & Board/Semester,Early Career Pay,Mid-Career Pay,% STEM Degrees,% Grad rate,Total Cost/Semester,Acceptance Rate,Early Career Pay / Cost,Mid-Career Pay / Cost,Expected Early Career Pay / cost,Expected Mid-Career Pay / cost
Abilene Christian University,Yes,1660,1232,7440,2200,450,3300,61500,110800,7,60,13390,0.7421686746987952,4.592979835698283,8.274831964152353,0.4938386855862584,0.7699775952203136
Adelphi University,Yes,2186,1924,12280,1500,750,6450,64500,108000,8,56,20980,0.8801463860933212,3.0743565300285987,5.147759771210676,0.3200667302192564,0.4652049571020019
Adrian College,Yes,1428,1097,11250,1165,400,3750,52400,89200,11,54,16565,0.7682072829131653,3.1632961062481133,5.384847570178087,0.35236945366737094,0.5023241774826441
Agnes Scott College,Yes,417,349,12960,875,450,5450,58300,99400,20,59,19735,0.8369304556354916,2.9541423866227516,5.036736762097796,0.3217443628071953,0.47533569799847986
Alaska Pacific University,Yes,193,146,7560,1500,800,4120,59700,102000,1,15,13980,0.7564766839378239,4.2703862660944205,7.296137339055794,0.38407546494992845,0.4408082975679542
Albertus Magnus College,Yes,353,340,13290,1500,500,5720,63200,94900,2,63,21010,0.9631728045325779,3.008091385054736,4.516896715849596,0.32494050452165635,0.44375892432175157
Albion College,Yes,1899,1720,13868,850,450,4826,61600,125500,23,73,19994,0.9057398630858347,3.080924277283185,6.276883064919476,0.34865459637891366,0.6402858357507252
Albright College,Yes,1038,839,15595,500,300,4400,60900,102700,13,80,20795,0.8082851637764933,2.9285886030295742,4.938687184419331,0.34094734311132485,0.5419572012503006
Alfred University,Yes,1732,1425,16548,600,500,5406,58500,110000,21,73,23054,0.8227482678983834,2.5375206037997744,4.771406263555131,0.29010692287672424,0.4939489893294005
Allegheny College,Yes,2652,1900,17080,600,400,4440,60100,119000,31,76,22520,0.7164404223227753,2.668738898756661,5.284191829484902,0.30681616341030193,0.5552841918294849
Alma College,Yes,1267,1080,12572,400,400,4552,59300,114700,20,68,17924,0.8524072612470402,3.308413300602544,6.399241240794465,0.3704809194376255,0.6332012943539389
Alverno College,Yes,494,313,8352,2449,650,3640,54100,89800,2,55,15091,0.6336032388663968,3.5849181631435956,5.950566562852031,0.39555861109270424,0.5581969385726592
American International College,Yes,1420,1093,8700,1400,450,4780,66000,95500,0,69,15330,0.7697183098591549,4.305283757338552,6.229615133724723,0.4724396607958252,0.6384132420091324
Amherst College,Yes,4302,992,19760,1598,660,5300,76700,139700,42,100,27318,0.23059042305904232,2.807672596822608,5.113844351709496,0.350959074602826,0.639230543963687
Andrews University,Yes,1130,704,9996,1320,900,3090,58800,98500,10,46,15306,0.6230088495575221,3.8416307330458643,6.435384816411864,0.3972951783614269,0.5464360381549719
Angelo State University,No,3540,2001,5130,2000,500,3592,59000,94400,10,34,11222,0.5652542372881356,5.257529852076279,8.412047763322047,0.5175102477276777,0.6515772589556229
Antioch University,Yes,713,661,15476,1100,400,3336,49700,90400,0,48,20312,0.9270687237026648,2.4468294604174874,4.450571090980701,0.2748129184718393,0.39503741630563216
Appalachian State University,No,7313,4664,6806,2000,96,2540,58400,99800,8,70,11442,0.6377683577191303,5.1040027967138615,8.722251354658276,0.5776962069568258,0.8942929557769621
Aquinas College,Yes,619,516,11208,1615,350,4124,52500,86400,9,65,17297,0.8336025848142165,3.0352084176446783,4.995085853038099,0.3477842978551194,0.5070243394808348
Arkansas Tech University,No,1734,1729,3460,1000,450,2650,55400,89000,8,48,7560,0.9971164936562861,7.328042328042328,11.772486772486772,0.7835978835978836,1.0502645502645502
Augustana College,Yes,761,725,10990,1021,600,3244,59200,121000,25,69,15855,0.9526938239159002,3.7338379060233367,7.631661936297698,0.4198044780826238,0.7559918006937875
Austin College,Yes,948,798,11280,1150,400,4342,65300,99400,15,71,17172,0.8417721518987342,3.8027020731423247,5.788492895411134,0.42192959468902863,0.5981685301653855
Baker University,Yes,602,483,8620,2250,400,4100,58900,98900,3,65,15370,0.8023255813953488,3.8321405335068315,6.4346128822381266,0.4252195836044242,0.6366704619388419
Bard College,Yes,1910,838,19264,750,750,6206,60900,107100,0,79,26970,0.4387434554973822,2.2580645161290325,3.9710789766407117,0.26191601779755286,0.4310761957730812
Barnard College,Yes,2496,1402,17926,850,600,8124,74200,149300,21,91,27500,0.561698717948718,2.6981818181818182,5.429090909090909,0.32328181818181817,0.6339227272727272
Barry University,Yes,990,784,11290,1800,600,5360,58900,98800,12,72,19050,0.7919191919191919,3.0918635170603674,5.186351706036746,0.35175853018372705,0.5402624671916011
Baylor University,Yes,6075,5349,6450,1346,600,3920,67400,123300,14,72,12316,0.8804938271604938,5.472556024683339,10.011367327054238,0.6062033127638844,1.0146963299772653
Belmont Abbey College,Yes,632,494,9000,2480,300,4850,56800,88900,11,52,16630,0.7816455696202531,3.4155141310883943,5.34576067348166,0.3663259170174384,0.4917919422730006
Belmont University,Yes,1220,974,7800,900,650,3664,58400,96000,4,49,13014,0.7983606557377049,4.487475026894114,7.376671277086215,0.47080067619486704,0.6477639465191333
Beloit College,Yes,1320,923,16304,715,355,3616,58500,105000,26,69,20990,0.6992424242424242,2.7870414483087185,5.002382086707956,0.3142270128632682,0.5053001429252024
Bemidji State University,No,1208,877,4425,1800,660,2700,59100,94600,8,46,9585,0.7259933774834437,6.165884194053208,9.869587897756912,0.6362284820031299,0.8491914449660929
Benedictine College,Yes,632,620,9550,250,350,3850,59400,109600,17,58,14000,0.9810126582278481,4.242857142857143,7.828571428571428,0.4576071428571429,0.7175714285714285
Bennington College,Yes,519,327,21700,500,600,4100,57500,109700,4,55,26900,0.630057803468208,2.137546468401487,4.078066914498141,0.23059944237918215,0.36401022304832714
Berry College,Yes,1858,1221,8050,2375,350,3940,54600,100500,20,63,14715,0.6571582346609257,3.7104994903160042,6.829765545361876,0.4179238871899422,0.6635660890248046
Birmingham-Southern College,Yes,805,588,11660,900,400,4325,64200,111600,22,72,17285,0.7304347826086957,3.7142030662424066,6.456465143187735,0.4152733584032398,0.6620769453283194
Blackburn College,Yes,500,336,6500,1000,500,2700,53100,83800,29,51,10700,0.672,4.962616822429907,7.831775700934579,0.545338785046729,0.7282476635514019
Boston University,Yes,20192,13007,18420,1025,475,6810,76300,144400,27,72,26730,0.6441660063391442,2.85447063224841,5.402169846614291,0.3092779648335204,0.5385708941264497
Bowdoin College,Yes,3356,1019,19030,875,1495,5885,75800,152900,33,96,27285,0.3036352800953516,2.7780831958951806,5.603811618105186,0.34070001832508706,0.6797874289902877
Bradley University,Yes,3767,3414,10870,1522,2000,4440,67500,123500,21,85,18832,0.9062914786302098,3.5843245539507222,6.557986406117247,0.42066031223449446,0.7366118840271878
Brandeis University,Yes,4186,2743,19380,1000,410,6750,72700,153600,33,84,27540,0.65527950310559,2.6397966594045026,5.5773420479302835,0.30622730573710966,0.6146695715323166
Brenau University,Yes,367,274,9592,700,500,5879,56400,90500,1,49,16671,0.7465940054495913,3.3831203886989383,5.4285885669725875,0.36017635414792154,0.48546128006718253
Brewton-Parker College,Yes,1436,1228,4371,2000,500,2370,44700,79900,6,18,9241,0.8551532033426184,4.837138837788118,8.646250405800238,0.5525105508061898,0.6382155610864625
Bridgewater College,Yes,838,673,10265,875,560,4725,51900,103900,13,82,16425,0.8031026252983293,3.1598173515981736,6.32572298325723,0.37867579908675797,0.7031811263318113
Brown University,Yes,12586,3239,19528,1100,720,5926,85200,155000,42,97,27274,0.2573494358811378,3.1238542201363937,5.683068123487571,0.3842670675368483,0.6945717533181784
Bryn Mawr College,Yes,1465,810,18165,1200,500,6750,69700,118000,25,89,26615,0.552901023890785,2.618823971444674,4.4335900807815145,0.3120092053353372,0.5139019349990607
Bucknell University,Yes,6548,3813,18550,1200,800,4750,82400,155500,35,93,25300,0.5823152107513745,3.2569169960474307,6.146245059288537,0.3924505928853755,0.7283349802371542
Butler University,Yes,2362,2037,13130,1600,500,4650,62300,121100,9,83,19880,0.8624047417442845,3.1338028169014085,6.091549295774648,0.36788858148893366,0.6747547786720323
California Lutheran University,Yes,563,247,12950,576,612,5300,62400,122000,12,60,19438,0.43872113676731794,3.21020681140035,6.276365881263504,0.34365675481016567,0.5736186850499022
Campbell University,Yes,2087,1339,7550,500,600,2790,57700,97100,10,63,11440,0.6415908001916627,5.043706293706293,8.487762237762238,0.5589051573426573,0.8301245629370629
Canisius College,Yes,2853,2193,10750,1130,400,5340,58200,111700,14,64,17620,0.768664563617245,3.303064699205448,6.33938706015891,0.3664018161180477,0.6093076049943247
Capital University,Yes,1747,1382,13050,800,500,4000,56700,98500,7,83,18350,0.7910704064109902,3.0899182561307903,5.367847411444142,0.3669005449591281,0.6032356948228883
Carleton College,Yes,2694,1579,19292,550,550,3957,72100,141500,45,91,24349,0.5861172976985894,2.9611072323298697,5.81132695387901,0.35530719947431105,0.6795196928005257
Carnegie Mellon University,Yes,8728,5201,17900,1250,450,5690,96700,162100,68,74,25290,0.5958982584784601,3.8236457097667063,6.409648082245947,0.40509094503756427,0.644296164491894
Carroll College,Yes,1160,991,12200,930,480,3880,58800,108900,27,79,17490,0.8543103448275862,3.3619210977701544,6.226415094339623,0.3920240137221269,0.6748927958833619
Carthage College,Yes,1616,1427,13125,1300,500,3775,59500,104200,17,62,18700,0.8830445544554455,3.1818181818181817,5.572192513368984,0.3481951871657754,0.5334491978609626
Case Western Reserve University,Yes,3877,3156,15700,1460,525,4730,81600,142300,37,67,22415,0.8140314676296105,3.640419362034352,6.34842739237118,0.3784965424938657,0.6052922150345751
Catawba College,Yes,1083,880,9270,1860,600,4100,52300,87600,13,55,15830,0.8125577100646353,3.3038534428300697,5.533796588755528,0.3692751105495894,0.5225837018319647
Cazenovia College,Yes,3847,3433,9384,500,600,4840,48900,86200,4,118,15324,0.8923836755913699,3.1910728269381363,5.625163142782563,0.4119518402505873,0.7709801618376403
Cedar Crest College,Yes,776,607,14340,1000,500,5285,59900,92400,8,74,21125,0.7822164948453608,2.8355029585798817,4.37396449704142,0.3238224852071006,0.4661301775147929
Centenary College of Louisiana,Yes,495,434,8950,1900,600,3490,58400,111300,36,66,14940,0.8767676767676768,3.9089692101740297,7.449799196787149,0.4362784471218206,0.7283969210174029
Central College,Yes,1283,1113,10938,600,650,3660,63200,107200,34,67,15848,0.8674980514419329,3.987884906612822,6.764260474507824,0.43809944472488643,0.6706208985360929
Central Connecticut State University,No,4158,2532,5962,985,500,4444,66600,109800,15,49,11891,0.6089466089466089,5.600874611050374,9.233874358758724,0.5575014717012867,0.7800227062484232
Central Washington University,No,2785,2011,7242,1416,654,3603,65200,114200,13,51,12915,0.7220825852782765,5.048393341076268,8.842431281455672,0.5115369725125822,0.7534068912117693
Centre College,Yes,1013,888,11850,900,600,4270,59300,98600,27,74,17620,0.876604146100691,3.365493757094211,5.595913734392735,0.3850879682179342,0.5914018161180477
Chapman University,Yes,959,771,16624,1100,600,5895,67800,116400,8,47,24219,0.8039624608967675,2.7994549733680167,4.806143936578719,0.27388620504562533,0.3917791816342541
Chestnut Hill College,Yes,342,254,10335,850,700,5015,51000,82900,8,73,16900,0.7426900584795322,3.0177514792899407,4.905325443786983,0.35525147928994083,0.5274926035502958
Christian Brothers University,Yes,880,520,9300,900,600,3260,62000,115700,32,63,14060,0.5909090909090909,4.409672830725462,8.229018492176387,0.4788406827880512,0.7796141536273116
Christopher Newport University,No,883,766,7860,1889,525,4750,64100,103800,31,48,15024,0.8674971687429218,4.2665069222577205,6.9089456869009584,0.42904685835995743,0.5875931842385517
Claremont McKenna College,Yes,1860,767,17000,850,500,6010,86700,167000,22,87,24360,0.41236559139784945,3.5591133004926108,6.855500821018063,0.41373665845648605,0.7722188013136289
Clark University,Yes,2887,2059,17500,950,500,4200,64900,132600,27,79,23150,0.713197090405265,2.8034557235421165,5.727861771058316,0.3221976241900648,0.6109827213822894
Clarkson University,Yes,2174,1953,15960,1300,700,5580,79900,157700,54,77,23540,0.8983440662373505,3.3942225998300763,6.6992353440951575,0.3755469413763806,0.6936544180118946
Clemson University,No,8065,5257,8116,1618,800,3610,70500,125200,35,73,14144,0.651828890266584,4.984445701357466,8.85180995475113,0.5502775028280543,0.9031744909502263
Coe College,Yes,1006,742,13925,2200,500,4390,57600,103600,22,67,21015,0.7375745526838966,2.740899357601713,4.9298120390197475,0.30806566738044255,0.49138710444920297
Colby College,Yes,2848,1319,18930,1000,500,5590,73900,128500,31,91,26020,0.4631320224719101,2.8401229823212915,4.938508839354343,0.34035837817063797,0.5790497694081476
Colgate University,Yes,4856,2492,19510,750,500,5565,84100,173800,26,93,26325,0.5131795716639209,3.194681861348528,6.602089268755935,0.3846771130104463,0.7807882241215575
College of Charleston,No,4772,3140,6120,2316,666,3460,60400,102700,17,51,12562,0.6580050293378038,4.8081515682216205,8.175449769145041,0.5015523005890782,0.7162175608979462
College of Saint Benedict,Yes,938,864,12247,600,500,4221,60100,106000,19,72,17568,0.9211087420042644,3.420992714025501,6.033697632058288,0.3875796903460838,0.6227231329690346
College of the Holy Cross,Yes,2994,1691,18000,900,400,6300,73100,138100,20,95,25600,0.5647962591850367,2.85546875,5.39453125,0.3488525390625,0.6503662109375
Colorado College,Yes,3207,1577,17142,1200,450,4190,65700,121800,29,84,22982,0.49173682569379484,2.8587590288051516,5.29979984335567,0.3349795492124271,0.5912888347402315
Connecticut College,Yes,3035,1546,18740,500,600,6300,72100,125200,30,91,26140,0.5093904448105436,2.7582249426166796,4.789594491201224,0.3309630833970926,0.5620313695485846
Cornell College,Yes,1538,1329,15248,800,550,4323,63100,114000,24,64,20921,0.864109232769831,3.016108216624444,5.449070312126572,0.3273266096266909,0.521963577266861
Creighton University,Yes,2967,2836,10628,2055,650,4372,66400,112500,9,85,17705,0.9558476575665655,3.7503530076249647,6.3541372493645865,0.44083592205591643,0.7174879977407512
Culver-Stockton College,Yes,1576,1110,8000,500,400,3700,52700,101300,5,51,12600,0.7043147208121827,4.182539682539683,8.03968253968254,0.4610813492063492,0.7069742063492064
D'Youville College,Yes,866,619,8920,1320,680,4310,60300,96200,4,46,15230,0.7147806004618937,3.9592908732764283,6.3164806303348655,0.404940906106369,0.5404793171372292
Dartmouth College,Yes,8587,2273,19545,1100,550,6070,89000,173300,35,98,27265,0.2647024572027483,3.2642582064918395,6.35613423803411,0.4035393361452412,0.7822941500091692
Davidson College,Yes,2373,956,17295,1011,600,5070,70500,140300,28,94,23976,0.4028655710071639,2.9404404404404403,5.851685018351685,0.35801426426426425,0.7000855021688355
Defiance College,Yes,571,461,10850,1159,400,3670,49300,93700,9,56,16079,0.8073555166374781,3.0661110765594874,5.827476833136389,0.3514522047391007,0.5447478076994838
Delta State University,No,967,945,4528,1200,500,1880,49300,82800,5,58,8108,0.9772492244053774,6.080414405525407,10.21213616181549,0.6998334977799704,0.9993833251110015
Denison University,Yes,2762,2279,16900,600,500,4720,65300,140800,20,81,22720,0.8251267197682839,2.874119718309859,6.197183098591549,0.33281800176056336,0.6692781690140845
DePauw University,Yes,1994,1656,14300,950,550,5020,70300,120200,23,82,20820,0.8304914744232698,3.376560999039385,5.773294908741595,0.3893251681075889,0.6349903938520655
Dickinson College,Yes,3014,2539,18700,1250,595,5000,68000,115700,24,87,25545,0.8424021234240212,2.6619690741828146,4.529262086513995,0.31493442943824623,0.5180025445292621
Dickinson State University,No,434,412,4486,2000,600,2146,59200,96800,8,46,9232,0.9493087557603687,6.412478336221837,10.48526863084922,0.6611785095320624,0.895363951473137
Dillard University,Yes,1998,1376,6700,2307,500,3650,53900,88700,23,61,13157,0.6886886886886887,4.096678574143041,6.741658432773429,0.46058181956373034,0.6622615337842973
Dominican College of Blauvelt,Yes,360,329,8310,1800,600,5500,64800,107100,4,54,16210,0.9138888888888889,3.997532387415176,6.607032695866749,0.41172115977791485,0.587862430598396
Drake University,Yes,2799,2573,13420,1675,560,4770,64200,122300,7,77,20425,0.9192568774562344,3.1432068543451654,5.9877600979192165,0.3588372093023256,0.632625458996328
Drew University,Yes,2153,1580,18432,660,520,5616,65600,117200,18,83,25228,0.7338597306084533,2.600285397177739,4.645631837640717,0.3034723323291581,0.5156770255271921
Duke University,Yes,13789,3893,18590,1162,625,5950,87400,158700,28,97,26327,0.2823264921314091,3.3197857712614427,6.028032058343146,0.40822159759942267,0.7365964599080792
Earlham College,Yes,1358,1006,15036,600,600,4056,62600,96600,26,78,20292,0.7407952871870398,3.0849595899862017,4.760496747486695,0.3549921151192588,0.5183569879755568
East Carolina University,No,9274,6362,7248,1700,500,3240,60000,100500,12,58,12688,0.6860038818201424,4.7288776796973515,7.920870113493065,0.5083543505674654,0.7397738020176545
East Tennessee State University,No,3330,2730,5800,2200,600,3000,52700,88400,8,42,11600,0.8198198198198198,4.543103448275862,7.620689655172414,0.48851293103448273,0.6500862068965517
East Texas Baptist University,Yes,379,341,4950,1500,530,2780,53700,91000,1,38,9760,0.899736147757256,5.502049180327869,9.323770491803279,0.5789702868852459,0.7605020491803278
Eastern Connecticut State University,No,2172,1493,5962,500,650,4316,61900,100600,11,50,11428,0.6873848987108656,5.416520826041302,8.80294014700735,0.5572934896744838,0.7689446972348617
Eastern Illinois University,No,5597,4253,5710,1730,120,3066,55500,101200,8,76,10626,0.7598713596569591,5.223037831733484,9.523809523809524,0.6091191417278374,1.0176924524750612
Eastern Nazarene College,Yes,516,409,8770,700,450,3500,58800,104900,12,70,13420,0.7926356589147286,4.381520119225037,7.816691505216095,0.49515648286140096,0.7957339791356185
Eckerd College,Yes,1422,1109,15360,1000,600,4080,62500,108400,38,59,21040,0.779887482419128,2.970532319391635,5.152091254752852,0.31651021863117873,0.4774001901140684
Elizabethtown College,Yes,2417,1843,14190,750,500,4400,62100,103000,18,81,19840,0.7625155151013653,3.130040322580645,5.191532258064516,0.36479964717741936,0.5735257056451613
Elmira College,Yes,1457,1045,14990,550,450,4980,57500,98100,6,64,20970,0.7172271791352093,2.7420123986647593,4.6781115879828326,0.30519790176442535,0.46008583690987126
Emory & Henry College,Yes,765,646,8578,1600,700,4408,50700,90300,7,82,15286,0.8444444444444444,3.316760434384404,5.9073662174538795,0.3988453486850713,0.6643824414496925
Emory University,Yes,8506,4168,17600,870,600,6000,78100,138600,23,96,25070,0.4900070538443452,3.1152772237734343,5.528520143597926,0.38181092939768646,0.6714000797766254
Emporia State University,No,1256,1256,5401,1888,450,3144,53600,93900,6,50,10883,1.0,4.925112560874759,8.62813562436828,0.5375356059909951,0.7689745474593402
Erskine College,Yes,659,557,10485,1246,475,3840,55100,83900,20,67,16046,0.8452200303490136,3.433877601894553,5.228717437367568,0.39041661473264366,0.5407344509535087
Eureka College,Yes,560,454,10955,670,330,3450,54300,94000,6,53,15405,0.8107142857142857,3.524829600778968,6.101914962674456,0.38606783511846804,0.5567997403440441
Fairfield University,Yes,4784,3346,15000,1100,700,6200,76900,144800,13,94,23000,0.6994147157190636,3.3434782608695652,6.2956521739130435,0.40590217391304345,0.7527826086956522
Fayetteville State University,No,1455,1064,6806,766,350,2550,47600,75200,8,24,10472,0.7312714776632302,4.545454545454546,7.18105423987777,0.4992360580595875,0.5783040488922842
Ferrum College,Yes,1339,1107,9400,1600,500,4200,48300,103200,7,22,15700,0.8267363704256908,3.0764331210191083,6.573248407643312,0.3330095541401274,0.429171974522293
Flagler College,Yes,1415,714,5120,2140,500,3200,51700,92300,0,69,10960,0.5045936395759717,4.717153284671533,8.421532846715328,0.5482778284671533,0.8677805656934306
Florida Institute of Technology,Yes,1947,1580,13900,1500,750,4140,72200,121500,41,57,20290,0.8115048793014895,3.5584031542631838,5.988171513060621,0.35949975357318875,0.5326207491375062
Florida International University,No,3306,2079,6597,3028,800,2494,60600,106900,18,66,12919,0.6288566243194192,4.6907655391284155,8.274634259617617,0.5185772892638749,0.8142464587042341
Florida Southern College,Yes,1381,1040,8025,650,400,4865,57500,100300,15,68,13940,0.7530774800868936,4.124820659971306,7.195121951219512,0.4653873744619799,0.7263629842180774
Florida State University,No,11651,8683,6680,1020,600,4060,62500,111900,17,58,12360,0.7452579177752983,5.05663430420712,9.053398058252426,0.5365088996763754,0.8262742718446602
Fordham University,Yes,4200,2874,14235,1735,600,6965,72900,138500,13,80,23535,0.6842857142857143,3.0975143403441683,5.884852347567453,0.35224134268111323,0.6309751434034416
Fort Lewis College,No,3440,2823,6198,2500,500,3320,57600,95700,16,46,12518,0.8206395348837209,4.601374021409171,7.644991212653778,0.4802684134845822,0.6552764019811471
Francis Marion University,No,1801,1655,5840,2430,400,3138,54900,93500,13,43,11808,0.9189339255968906,4.649390243902439,7.918360433604336,0.4912665142276423,0.6669736619241192
Franciscan University of Steubenville,Yes,553,452,9650,1000,600,4400,59800,106300,7,83,15650,0.8173598553345389,3.8210862619808306,6.792332268370607,0.45075079872204477,0.7590175718849841
Franklin College,Yes,804,632,10390,1345,525,4040,61300,105900,19,60,16300,0.7860696517412935,3.7607361963190185,6.4969325153374236,0.40475460122699386,0.6099693251533742
Freed-Hardeman University,Yes,895,548,5500,1600,600,3340,54200,96000,7,62,11040,0.6122905027932961,4.909420289855072,8.695652173913043,0.5525815217391304,0.8460144927536232
Furman University,Yes,2161,1951,13440,1250,600,4048,63100,121000,16,82,19338,0.9028227672373901,3.2630054814355156,6.257110352673493,0.3809985520736374,0.6878943013755301
Gannon University,Yes,2464,1908,10970,1380,500,4280,62700,103200,16,65,17130,0.7743506493506493,3.6602451838879158,6.024518388791594,0.39955487448920024,0.5916520723876241
Geneva College,Yes,668,534,9476,1100,500,4820,59100,92200,27,74,15896,0.7994011976047904,3.717916456970307,5.800201308505284,0.4256888525415199,0.6183002013085053
George Mason University,No,5653,4326,10800,1050,580,4840,72300,128200,23,46,17270,0.7652573854590483,4.186450492182976,7.423277359583092,0.39706137811233355,0.5831789229878401
George Washington University,Yes,7875,5062,17450,950,700,6328,75000,148300,19,72,25428,0.6427936507936508,2.9495044832468147,5.832153531540035,0.32051282051282054,0.5799512348592103
Georgetown College,Yes,727,693,8100,550,550,3950,55000,106000,9,55,13150,0.953232462173315,4.182509505703422,8.060836501901141,0.45865019011406843,0.7252851711026616
Georgetown University,Yes,11115,2881,18300,1700,670,7131,81100,163400,14,95,27801,0.25919928025191186,2.917161253192331,5.87748642135175,0.35540538110139924,0.7069439948203302
Georgia State University,No,3793,2341,6744,3450,720,2655,63500,108800,20,34,13569,0.617189559715265,4.679784803596433,8.018276954823495,0.44209226914289923,0.5839781855700493
Gettysburg College,Yes,3596,2466,19964,500,500,4328,72000,145200,25,83,25292,0.685761957730812,2.846749960461806,5.740945753597976,0.32895777320891983,0.6292305867467974
Gonzaga University,Yes,1886,1524,13000,2400,600,4450,72800,133500,19,69,20450,0.8080593849416755,3.5599022004889975,6.528117359413203,0.382836185819071,0.6388447432762837
Gordon College,Yes,674,565,12200,1200,400,4070,60700,113200,16,66,17870,0.8382789317507419,3.396754336877448,6.3346390598768885,0.37536373810856183,0.6177392277560156
Goshen College,Yes,440,396,9420,1230,600,3730,54000,95400,13,72,14980,0.9,3.6048064085447264,6.36849132176235,0.417890520694259,0.6666221628838451
Goucher College,Yes,1151,813,15588,1200,500,6174,60600,112900,9,77,23462,0.7063423110338836,2.5829000085244225,4.812036484528173,0.29761955502514703,0.512173940840508
Grand Valley State University,No,5165,3887,6108,1000,500,3800,59000,98500,17,57,11408,0.7525653436592449,5.171809256661992,8.63429172510519,0.5569556451612904,0.8036575210378681
Greensboro College,Yes,608,494,8330,1300,550,3770,57000,87300,5,39,13950,0.8125,4.086021505376344,6.258064516129032,0.41783154121863797,0.5237186379928316
Grinnell College,Yes,2039,1389,15688,400,400,4618,67600,121900,38,83,21106,0.6812162824914174,3.20288069743201,5.775608831611864,0.37257178053634044,0.6394923244575004
Grove City College,Yes,2491,1110,5224,350,525,3048,67600,121200,27,100,9147,0.4456041750301084,7.390401224445173,13.250245982289275,0.9238001530556467,1.6562807477861594
Guilford College,Yes,1202,1054,13404,1050,450,5160,52600,91400,25,65,20064,0.8768718801996672,2.6216108452950557,4.5554226475279105,0.30022677432216904,0.4573489832535885
Gustavus Adolphus College,Yes,1709,1385,14125,700,400,3600,62800,118900,18,80,18825,0.8104154476301931,3.3359893758300134,6.316069057104913,0.38671978751660024,0.6847277556440903
Hamilton College,Yes,3140,1783,19700,800,300,5050,74600,125400,26,91,25850,0.5678343949044586,2.885880077369439,4.851063829787234,0.34567698259187624,0.5692166344294004
Hamline University,Yes,1006,825,13252,550,450,4194,60700,115500,7,65,18446,0.820079522862823,3.290686327659113,6.261520112761574,0.3622397809823268,0.6036200260219018
Hampton University,Yes,7178,3755,7161,2000,600,3518,63900,108400,15,70,13279,0.5231262190025077,4.812109345583251,8.16326530612245,0.5340198810151368,0.8272460275623165
Hanover College,Yes,1006,837,8200,1200,500,3485,58100,99900,28,64,13385,0.8320079522862823,4.340679865521106,7.463578632797908,0.48173328352633543,0.7315651849084797
Hardin-Simmons University,Yes,467,424,6300,2140,700,2980,58400,93100,9,38,12120,0.9079229122055674,4.818481848184819,7.681518151815181,0.48465346534653464,0.6206476897689769
Harding University,Yes,1721,1068,5504,910,700,3528,60700,104500,12,73,10642,0.620569436374201,5.70381507235482,9.819582785190754,0.6473289795151287,1.0228927833114076
Hartwick College,Yes,2083,1725,17480,700,500,4780,62500,116300,12,73,23460,0.828132501200192,2.6641091219096333,4.957374254049446,0.3006447144075021,0.50990515771526
Harvard University,Yes,13865,2165,18485,1920,500,6410,91700,171400,19,100,27315,0.1561485755499459,3.3571297821709685,6.274940508877906,0.41964122277137106,0.7843675636097382
Harvey Mudd College,Yes,1377,572,17230,900,700,6690,110400,179600,79,100,25520,0.4153957879448075,4.326018808777429,7.037617554858934,0.5407523510971787,0.8797021943573667
Hastings College,Yes,817,708,9376,1902,500,3272,60000,103500,13,52,15050,0.8665850673194615,3.9867109634551494,6.877076411960133,0.4186046511627907,0.6064784053156146
Hendrix College,Yes,823,721,8800,1200,500,3195,56900,111000,28,63,13695,0.8760631834750912,4.1548010222709015,8.105147864184008,0.46227637824023365,0.7733661920408909
Hiram College,Yes,922,729,14067,1000,400,4560,56500,97600,23,79,20027,0.7906724511930586,2.821191391621311,4.873420881809557,0.3310218704748589,0.5336795326309483
Hofstra University,Yes,7428,5860,11600,1000,1000,5920,68200,135400,8,60,19520,0.7889068389876144,3.4938524590163933,6.936475409836065,0.3644979508196721,0.6226946721311475
Hood College,Yes,699,565,13960,690,450,6040,58900,90700,32,72,21140,0.8082975679542204,2.7861873226111635,4.290444654683065,0.31698202459791863,0.4523651844843898
Hope College,Yes,1712,1483,12275,1100,465,4341,61300,108000,21,72,18181,0.8662383177570093,3.3716517243275947,5.940267312029041,0.38045212034541553,0.6116275232385457
Houghton College,Yes,949,786,9990,1500,500,3550,53600,87500,22,67,15540,0.8282402528977871,3.449163449163449,5.63063063063063,0.39504504504504506,0.5777429214929215
Huntingdon College,Yes,608,520,8080,1100,500,3920,49200,87300,16,44,13600,0.8552631578947368,3.6176470588235294,6.419117647058823,0.4048529411764706,0.5589338235294118
Illinois College,Yes,894,787,8050,1000,600,3850,55700,92400,20,52,13500,0.8803131991051454,4.125925925925926,6.844444444444444,0.44596296296296295,0.6226666666666667
Illinois Institute of Technology,Yes,1756,1360,14550,700,500,4620,79800,142900,60,56,20370,0.7744874715261959,3.917525773195876,7.0152184585174275,0.3822287677957781,0.5990672557682868
Illinois State University,No,8681,6695,7799,2605,537,3403,62000,112700,10,54,14344,0.7712245133049188,4.3223647518126045,7.856943669827105,0.4521054099274958,0.6906894868934746
Illinois Wesleyan University,Yes,3050,1342,14360,650,400,4090,67800,119500,19,83,19500,0.44,3.476923076923077,6.128205128205129,0.40432051282051285,0.6793910256410257
Indiana State University,No,5659,4761,6892,2500,600,3706,58800,99700,6,40,13698,0.8413147199151794,4.292597459483137,7.278434808001168,0.4336399474375821,0.5829318148634837
Iona College,Yes,4892,3530,10690,1150,570,6790,66900,121000,5,66,19200,0.7215862632869992,3.484375,6.302083333333333,0.37600260416666664,0.6084635416666667
Iowa State University,No,8427,7424,7550,2055,640,3224,69200,118800,37,65,13469,0.8809778094220957,5.137723661741777,8.820253916400624,0.5473680302917812,0.8465736134828123
Ithaca College,Yes,7259,5526,14424,1000,634,6192,64400,129400,7,75,22250,0.7612618818019011,2.89438202247191,5.8157303370786515,0.32752808988764043,0.6014044943820225
James Madison University,No,11223,5285,7994,732,500,4544,70000,125700,14,98,13770,0.47090795687427606,5.083514887436456,9.128540305010894,0.6299927378358751,1.1255083514887436
John Brown University,Yes,605,405,6398,1350,400,3672,59800,98400,11,75,11820,0.6694214876033058,5.05922165820643,8.3248730964467,0.5800549915397631,0.8862098138747885
John Carroll University,Yes,2421,2109,11700,450,600,5550,61200,119700,15,89,18300,0.8711276332094176,3.3442622950819674,6.540983606557377,0.402103825136612,0.7577390710382513
Johns Hopkins University,Yes,8474,3446,18800,1040,500,6740,84200,142300,35,90,27080,0.40665565258437575,3.1093057607090104,5.25480059084195,0.36826070901033975,0.6096288774002954
Juniata College,Yes,1005,859,14850,420,450,4460,61100,128300,36,80,20180,0.854726368159204,3.0277502477700695,6.357779980178394,0.35232903865213083,0.6853320118929633
Kansas State University,No,5880,4075,6995,2000,600,3120,64800,114800,20,54,12715,0.6930272108843537,5.096342902084152,9.028706252457727,0.5248918600078647,0.790326386158081
Kansas Wesleyan University,Yes,589,575,8400,1400,500,3250,54200,89600,9,68,13550,0.9762308998302207,4.0,6.612546125461255,0.4580811808118081,0.6801476014760147
Keene State College,No,3121,2446,7870,1150,500,4157,61000,98200,7,61,13677,0.7837231656520346,4.460042406960591,7.179937120713607,0.4826533596548951,0.6900453315785625
Kentucky Wesleyan College,Yes,584,497,8000,1300,500,4150,50900,91900,17,62,13950,0.851027397260274,3.6487455197132617,6.587813620071684,0.41897849462365594,0.6467562724014337
Kenyon College,Yes,2212,1538,19240,480,750,3690,66700,132500,22,88,24160,0.6952983725135624,2.7607615894039736,5.4842715231788075,0.3285182119205298,0.6281043046357616
Keuka College,Yes,461,381,9600,750,600,4550,53000,87500,3,51,15500,0.8264642082429501,3.4193548387096775,5.645161290322581,0.3760483870967742,0.5179435483870968
King's College,Yes,1456,1053,10910,1795,400,5160,58300,101800,12,87,18265,0.7232142857142857,3.19189707090063,5.573501231864221,0.3827059950725431,0.6417054475773337
Knox College,Yes,1040,845,15747,800,400,4062,64500,109600,28,79,21009,0.8125,3.0701128087962304,5.216811842543672,0.35315222047693845,0.5651387500594983
La Salle University,Yes,2929,1834,12600,3160,450,5610,65600,121200,6,84,21820,0.6261522703994538,3.006416131989001,5.554537121906508,0.35233730522456463,0.6198900091659029
Lafayette College,Yes,4010,2402,18730,1000,600,5740,82700,158700,50,92,26070,0.599002493765586,3.17222861526659,6.087456846950518,0.38014959723820485,0.7154008438818565
LaGrange College,Yes,544,399,6987,1500,750,3585,51000,92000,7,75,12822,0.7334558823529411,3.9775386055217594,7.175167680549056,0.4703829355794728,0.7701606613632819
Lake Forest College,Yes,979,638,16880,1320,920,3970,66900,122700,19,77,23090,0.651685393258427,2.8973581637072328,5.313988739714162,0.3286758336942399,0.5612765266349069
Lamar University,No,2336,1725,4752,1463,508,3040,65800,113900,9,26,9763,0.7384417808219178,6.739731639864796,11.666495954112465,0.5980231486223497,0.758142988835399
Lander University,No,1166,1009,4938,1702,528,2987,50400,86100,11,51,10155,0.8653516295025729,4.963072378138848,8.478581979320532,0.5576563269325455,0.7817700640078779
Lawrence University,Yes,1243,947,17163,975,525,3891,60300,126900,22,77,22554,0.7618664521319388,2.6735833998403833,5.626496408619314,0.308321140374213,0.592539017469185
Le Moyne College,Yes,1470,1199,11040,900,400,4840,61700,109700,14,94,17180,0.8156462585034013,3.591385331781141,6.385331781140861,0.4394499417927823,0.7677386495925494
Lebanon Valley College,Yes,1386,1060,13850,1125,400,4755,62300,111800,9,85,20130,0.7647907647907648,3.094883258817685,5.553899652260308,0.3660891703924491,0.6273596621957278
Lehigh University,Yes,6397,4304,18700,1130,750,5580,85800,168200,45,91,26160,0.6728153822104112,3.279816513761468,6.4296636085626915,0.3902809633027523,0.7485760703363914
LeTourneau University,Yes,477,417,8840,1400,600,4240,73300,117900,27,56,15080,0.8742138364779874,4.860742705570292,7.818302387267905,0.48614058355437667,0.6931697612732095
Lewis University,Yes,1154,1050,10560,1200,500,4520,62900,105900,19,61,16780,0.9098786828422877,3.7485101311084623,6.31108462455304,0.40203367103694876,0.5974299761620977
Lincoln Memorial University,Yes,787,562,5950,1300,600,2890,52000,77800,7,53,10740,0.7141041931385006,4.8417132216014895,7.243947858472998,0.5395716945996276,0.698719739292365
Livingstone College,Yes,900,473,4400,900,800,3400,45000,76000,24,92,9500,0.5255555555555556,4.7368421052631575,8.0,0.5868421052631579,0.9621052631578947
Loras College,Yes,1641,1283,11200,1200,500,4000,59300,114900,15,70,16900,0.7818403412553321,3.5088757396449703,6.798816568047338,0.39578402366863913,0.6836538461538463
Louisiana College,Yes,2013,1053,5150,1655,500,3036,53700,87500,7,59,10341,0.5230998509687034,5.192921380910937,8.461464075041098,0.5812179673145731,0.8222729910066725
Louisiana Tech University,No,2397,2144,3957,1656,618,2325,64700,112800,26,45,8556,0.8944513975803087,7.561944834034596,13.183730715287517,0.7467712716222534,1.0629967274427303
Loyola Marymount University,Yes,3768,2662,13592,1328,545,5916,72300,144000,10,84,21381,0.7064755838641189,3.38150694541883,6.734951592535428,0.39247462700528507,0.7445863149525279
Loyola University Chicago,Yes,3579,2959,11500,2000,700,5330,66400,121900,16,65,19530,0.8267672534227438,3.3998975934459805,6.241679467485919,0.365847414234511,0.596742191500256
Luther College,Yes,1549,1392,13240,400,600,3560,59100,97800,22,77,17800,0.8986442866365397,3.3202247191011236,5.49438202247191,0.38417837078651684,0.593441011235955
Lycoming College,Yes,1286,1005,13900,900,500,4300,58100,109100,21,72,19600,0.78149300155521,2.9642857142857144,5.566326530612245,0.3382142857142857,0.5723979591836734
Macalester College,Yes,2939,1496,15909,700,500,4772,65900,113900,35,77,21881,0.5090166723375298,3.0117453498468993,5.2054293679447925,0.3424375028563594,0.5535795895982816
Manhattan College,Yes,2432,1730,12370,1800,500,6800,77300,152400,37,79,21470,0.7113486842105263,3.6003726129483,7.0982766651141125,0.4044422449930135,0.7498602701443875
Manhattanville College,Yes,962,750,14700,400,450,6550,67300,115100,5,70,22100,0.7796257796257796,3.0452488687782804,5.208144796380091,0.3343325791855204,0.5235859728506788
Marietta College,Yes,1611,960,13850,810,470,3920,58600,102200,30,96,19050,0.595903165735568,3.0761154855643045,5.364829396325459,0.37963254593175855,0.6542782152230971
Marist College,Yes,4731,3171,10700,1200,550,5925,69200,125100,16,69,18375,0.6702599873176919,3.765986394557823,6.808163265306122,0.40917006802721095,0.6715578231292517
Marquette University,Yes,5152,4600,11610,1950,600,4760,71400,128000,25,77,18920,0.8928571428571429,3.773784355179704,6.765327695560254,0.4240089852008457,0.7119450317124736
Marshall University,Yes,4226,3666,5094,1560,700,4010,54900,93000,11,50,11364,0.8674869853289162,4.83104540654699,8.183738120380148,0.5219332981344597,0.731476592749032
Marymount Manhattan College,Yes,695,535,10200,1100,350,7000,61300,98400,3,68,18650,0.7697841726618705,3.28686327077748,5.2761394101876675,0.3651742627345845,0.5342627345844504
Marymount University,Yes,941,772,11390,750,500,5280,64100,106600,20,55,17920,0.820403825717322,3.5770089285714284,5.948660714285714,0.37147739955357145,0.5345284598214286
Maryville College,Yes,1464,888,11200,1642,500,4208,53200,84900,17,51,17550,0.6065573770491803,3.0313390313390314,4.837606837606837,0.3328490028490029,0.4479985754985755
Massachusetts Institute of Technology,Yes,6411,2140,20100,1600,725,5975,106400,189400,66,94,28400,0.33380127905163,3.7464788732394365,6.669014084507042,0.45077464788732396,0.7941725352112676
Mayville State University,No,233,233,4486,1900,600,2516,53300,97400,6,51,9502,1.0,5.609345400968217,10.250473584508525,0.615436223952852,0.9113081456535467
McMurry University,Yes,578,411,6930,1525,400,3452,62500,112300,12,32,12307,0.7110726643598616,5.078410660599658,9.124888274965468,0.4794019663606078,0.6412610709352401
McPherson College,Yes,420,293,7950,2740,600,3750,53400,85900,11,48,15040,0.6976190476190476,3.550531914893617,5.711436170212766,0.38590425531914896,0.5155585106382978
Mercer University,Yes,2286,1668,11985,1500,400,4081,61800,98400,16,91,17966,0.7296587926509186,3.439830791495046,5.477012134030947,0.41632806412111767,0.6480574418345765
Meredith College,Yes,857,772,6720,1520,450,3250,54900,89400,14,82,11940,0.9008168028004667,4.597989949748744,7.4874371859296485,0.5466708542713568,0.8428391959798995
Merrimack College,Yes,1981,1541,12500,1000,375,6200,66900,120300,10,80,20075,0.7778899545683998,3.332503113325031,5.99252801992528,0.38306351183063514,0.64906600249066
Michigan State University,No,18114,15096,10658,600,504,3734,68000,118800,24,71,15496,0.8333885392514078,4.388229220443986,7.666494579246257,0.48302787816210635,0.773973928755808
Michigan Technological University,No,2618,2288,8127,1200,900,3978,80300,135600,75,65,14205,0.8739495798319328,5.65293910594861,9.545934530095037,0.5824973600844773,0.8988032382963745
Millikin University,Yes,1444,1261,11910,965,450,4378,57000,100800,8,75,17703,0.8732686980609419,3.219793255380444,5.693950177935943,0.37246511890640005,0.6044173303959781
Millsaps College,Yes,905,834,11320,1350,550,4402,59700,110900,26,58,17622,0.9215469613259668,3.387810691181478,6.293269776415844,0.36478549540347294,0.5754312790829644
Milwaukee School of Engineering,Yes,1217,1088,11505,2075,1000,3255,81700,135100,67,67,17835,0.8940016433853739,4.580880291561536,7.574992991309223,0.4761634426689094,0.7269203812727782
Mississippi College,Yes,594,385,5580,700,600,2830,53900,90100,18,61,9710,0.6481481481481481,5.550978372811534,9.279093717816684,0.6240859938208033,0.9083547888774459
Mississippi State University,No,4255,3277,9866,1479,480,3084,62700,111000,29,53,14909,0.7701527614571093,4.205513448252733,7.445167348581394,0.4362381782815749,0.6508652491783486
Mississippi University for Women,No,480,405,4386,1500,600,2217,50200,74100,2,63,8703,0.84375,5.76812593358612,8.514305411926921,0.6668102953004711,0.8830719292198093
Missouri Valley College,Yes,1310,983,8550,900,400,5050,50000,83600,6,27,14900,0.750381679389313,3.3557046979865772,5.610738255033557,0.35822147651006714,0.4343288590604027
Monmouth College,Yes,2707,1881,12480,1740,530,5290,59200,101200,22,54,20040,0.6948651643886221,2.9540918163672654,5.049900199600798,0.3141716566866267,0.45563872255489024
Montana State University,No,3500,2836,5552,2300,550,3710,64900,113600,31,37,12112,0.8102857142857143,5.3583223249669745,9.379128137384413,0.5078950627476883,0.6938573315719947
Montclair State University,No,5220,2128,3648,950,700,4834,61100,118400,9,58,10132,0.4076628352490421,6.0303987366758784,11.685748124753257,0.6444680221081721,1.0544808527437821
Morehouse College,Yes,3708,1678,7050,600,250,5490,68800,124200,24,83,13390,0.4525350593311758,5.1381628080657205,9.275578790141896,0.5965646004480957,1.025821508588499
Morris College,Yes,882,730,4515,2100,850,2550,38400,65600,8,60,10015,0.8276643990929705,3.8342486270594107,6.55017473789316,0.4872690963554668,0.690963554667998
Mount Holyoke College,Yes,1800,1314,19300,750,750,5700,64900,113600,28,84,26500,0.73,2.449056603773585,4.286792452830189,0.2873396226415094,0.48030188679245284
Mount Saint Mary College,Yes,1170,695,7470,1400,250,4600,65500,100900,7,88,13720,0.594017094017094,4.774052478134111,7.354227405247814,0.5688775510204082,0.8526967930029155
Muhlenberg College,Yes,2519,1836,16975,850,600,4565,65400,120900,18,83,22990,0.7288606589916634,2.8447150935189214,5.258808177468465,0.33211178773379735,0.5825739451935625
Murray State University,No,2225,1910,4738,940,700,3110,55600,95800,9,52,9488,0.8584269662921349,5.860033726812816,10.096964586846543,0.6338532883642496,0.9092537942664418
New Jersey Institute of Technology,No,1879,1216,8832,1850,700,5376,78700,146500,74,72,16758,0.6471527408195848,4.6962644707005605,8.742093328559495,0.5062059911683972,0.8703305883757012
New York University,Yes,13594,7244,17748,1000,450,7262,77800,147100,25,71,26460,0.5328821538914227,2.940287226001512,5.559334845049131,0.31575018896447465,0.5481906651549509
Newberry College,Yes,872,722,10194,1500,500,2600,51300,91400,11,83,14794,0.8279816513761468,3.467622008922536,6.1781803433824525,0.41722150871975133,0.6984419359199675
Niagara University,Yes,2220,1796,10320,650,450,4762,53200,98900,7,65,16182,0.809009009009009,3.2876035100729206,6.111729081695711,0.37526263749845507,0.6047228401928069
North Carolina State University at Raleigh,No,10634,7064,8400,1300,600,6540,70800,128600,45,62,16840,0.6642843708858379,4.2042755344418055,7.636579572446556,0.43865795724465556,0.7046615201900237
North Carolina Wesleyan College,Yes,812,689,8242,1295,600,4230,53300,87600,11,52,14367,0.8485221674876847,3.709890721792998,6.097306326999374,0.4081923853274866,0.563374399665901
North Central College,Yes,1127,884,11718,1800,450,7398,60100,119500,13,76,21366,0.7843833185448092,2.812880277075728,5.592998221473369,0.3233876251989142,0.5874988299166901
Northeastern University,Yes,11901,8492,13380,1750,600,7425,79000,130300,55,46,23155,0.7135534829005966,3.411790110127402,5.6272943208810196,0.3127834161088318,0.44017490822716476
Northern Arizona University,No,5891,4931,6746,2342,620,3728,61300,106700,13,41,13436,0.8370395518587677,4.56236975290265,7.941351592735933,0.4533808425126526,0.6265536618041083
Northern Illinois University,No,10706,7219,7799,1750,470,3296,65200,115100,17,56,13315,0.6742947879693629,4.896733007885843,8.64438603079234,0.5079984979346601,0.7703342095381149
Northwest Missouri State University,No,2729,2535,3735,1630,250,3136,57500,101800,13,54,8751,0.9289116892634665,6.570677636841504,11.632956233573307,0.7063478459604616,1.0480516512398583
Northwestern College,Yes,860,811,9900,1800,300,3075,57500,100600,8,68,15075,0.9430232558139535,3.814262023217247,6.673300165837479,0.43034825870646765,0.6733665008291874
Northwestern University,Yes,12289,5200,16404,1585,759,5520,78600,141300,22,92,24268,0.4231426478964928,3.2388330311521343,5.822482281193341,0.3889484094280534,0.6860680731827922
Norwich University,Yes,1743,1625,14134,800,500,5270,69000,117600,23,63,20704,0.9323006310958118,3.332689335394127,5.680061823802164,0.35180399922720246,0.5366595826893354
Notre Dame College,Yes,379,324,9990,600,400,4900,53900,88700,8,33,15890,0.8548812664907651,3.392070484581498,5.582127123977345,0.3507473253618628,0.44108716173694146
Oakland University,No,3041,2581,9114,650,400,4030,62500,110900,22,53,14194,0.8487339690891155,4.403268986895871,7.813160490348034,0.45727948428913623,0.683184796392842
Oberlin College,Yes,4778,2767,19670,1119,575,5820,67000,116100,27,83,27184,0.5791125994139807,2.464685108887581,4.270894643908181,0.2869794732195409,0.47437371247792826
Occidental College,Yes,2324,1319,16560,1152,558,5140,69700,141100,22,79,23410,0.5675559380378657,2.9773601025202905,6.027338744126442,0.3388669372063221,0.6400523280649295
Oglethorpe University,Yes,792,649,12900,4110,600,4340,62700,106500,23,67,21950,0.8194444444444444,2.856492027334852,4.851936218678816,0.3144020501138952,0.4815205011389522
Ohio Northern University,Yes,2936,2342,15990,825,600,4080,69700,124100,21,83,21495,0.797683923705722,3.242614561525936,5.773435682716911,0.3759653407769249,0.6385380321004885
Ohio Wesleyan University,Yes,2190,1700,16732,550,550,5650,59400,120000,22,75,23482,0.776255707762557,2.5295971382335405,5.110297248956647,0.2903819947193595,0.5323226300996508
Oklahoma Baptist University,Yes,758,681,5390,1290,515,3140,52600,89400,11,50,10335,0.8984168865435356,5.089501693275278,8.650217706821481,0.5599903241412676,0.7825350749879052
Oklahoma Christian University,Yes,776,765,6400,1900,500,3150,60600,103300,31,45,11950,0.9858247422680413,5.071129707112971,8.644351464435147,0.5153765690376569,0.7163702928870292
Ouachita Baptist University,Yes,910,773,6530,1500,500,2800,52500,94800,16,65,11330,0.8494505494505494,4.633715798764342,8.367166813768755,0.5309466019417476,0.8342894969108562
Our Lady of the Lake University,Yes,2308,1336,8530,1576,616,3644,52600,87700,4,37,14366,0.5788561525129983,3.6614228038424055,6.104691633022414,0.3886085201169428,0.5016097034665181
Pace University,Yes,8256,3750,11000,1115,660,5160,70600,134000,13,62,17935,0.45421511627906974,3.9364371340953443,7.471424588792863,0.411011987733482,0.6849735154725397
Pacific Lutheran University,Yes,1603,1392,13312,1516,600,4488,66300,120600,16,83,19916,0.8683718028696195,3.328981723237598,6.055432817834906,0.3880611066479213,0.6709304077123921
Pacific Union College,Yes,940,668,11925,1926,630,3825,67300,115100,11,69,18306,0.7106382978723405,3.676390254561346,6.287555992570742,0.401760351797225,0.6269733967005353
Pacific University,Yes,943,849,14210,1100,450,3994,58100,117600,8,42,19754,0.9003181336161188,2.9411764705882355,5.95322466335932,0.30121747494178397,0.45935000506226586
Pepperdine University,Yes,3821,2037,18200,700,500,6770,72600,123400,5,66,26170,0.5331065166186862,2.7741688956820787,4.715322888803974,0.2938288116163546,0.45397401604891097
Peru State College,No,701,501,2580,900,500,2624,52900,80100,4,44,6604,0.7146932952924394,8.010296789824348,12.129012719563901,0.8645517867958813,1.0910811629315567
Pitzer College,Yes,1133,630,17688,850,650,5900,68100,121400,20,73,25088,0.556045895851721,2.7144451530612246,4.838966836734694,0.3015037069515306,0.4953663105867347
Presbyterian College,Yes,1082,832,11859,1429,554,3635,59100,100200,25,85,17477,0.7689463955637708,3.38158722892945,5.733249413514906,0.4022071865880872,0.6520712937002918
Princeton University,Yes,13218,2042,19900,1575,675,5910,93000,189400,51,99,28060,0.15448630655167198,3.3143264433357094,6.749821810406273,0.4119297933000713,0.8370723449750535
Providence College,Yes,5139,3346,14400,1100,450,6200,71900,135100,11,96,22150,0.651099435687877,3.2460496613995486,6.099322799097066,0.39855530474040635,0.7409480812641084
Quincy University,Yes,1025,707,10100,1080,450,4140,51500,85200,8,80,15770,0.6897560975609756,3.26569435637286,5.402663284717819,0.38998097653772984,0.6036778693722258
Radford University,No,5702,4894,6684,900,500,4110,60100,97400,9,62,12194,0.858295334970186,4.9286534361161225,7.987534853206495,0.5377849762178121,0.7748482860423159
Ramapo College of New Jersey,No,2088,957,4449,1655,600,4860,62400,117000,12,47,11564,0.4583333333333333,5.396056727775856,10.11760636457973,0.5461777931511588,0.8235688343133863
Randolph-Macon College,Yes,1771,1325,13840,900,400,3735,56700,98700,27,74,18875,0.7481648785996612,3.003973509933775,5.2291390728476825,0.34674172185430463,0.5525695364238411
Reed College,Yes,1966,1436,19960,450,500,5490,70300,138400,34,68,26400,0.7304170905391658,2.662878787878788,5.242424242424242,0.28695075757575755,0.5062121212121212
Regis College,Yes,427,385,12700,700,450,5800,66500,101000,2,84,19650,0.9016393442622951,3.3842239185750635,5.139949109414759,0.3960559796437659,0.5804071246819339
Rensselaer Polytechnic Institute,Yes,4996,4165,17475,1100,1230,5976,86900,159100,79,70,25781,0.8336669335468375,3.370699352236143,6.17121135720104,0.3531185756952795,0.598163376129708
Rhodes College,Yes,2302,1831,15200,1500,550,4768,61700,128200,32,77,22018,0.7953953084274544,2.8022527023344534,5.822508856390226,0.32194681624125715,0.6126464710691253
Rider University,Yes,3586,2424,13250,3100,700,5420,62700,116500,5,70,22470,0.6759620747350809,2.7903871829105475,5.184690698709391,0.3109145527369827,0.5204161103693815
Ripon College,Yes,587,501,15200,650,350,4100,57000,109100,18,64,20300,0.8534923339011925,2.8078817733990147,5.374384236453202,0.3133004926108374,0.5186206896551724
Roanoke College,Yes,2227,1790,13425,1200,450,4425,60100,97700,15,72,19500,0.8037718904355635,3.082051282051282,5.01025641025641,0.34917948717948716,0.5227179487179487
Rocky Mountain College,Yes,560,392,8734,625,600,3362,58700,97700,16,68,13321,0.7,4.4065760828766605,7.33428421289693,0.4946700698145785,0.7435252608663013
Roger Williams University,Yes,3304,2804,12520,730,500,6050,66300,111700,13,61,19800,0.8486682808716707,3.3484848484848486,5.641414141414141,0.3538068181818182,0.5286426767676767
Rollins College,Yes,1777,1151,16425,750,955,5220,60400,103500,9,90,23350,0.6477208778840743,2.5867237687366167,4.43254817987152,0.3124197002141328,0.5200749464668094
Sacred Heart University,Yes,2307,1896,11070,600,400,5780,67800,118700,8,82,17850,0.8218465539661899,3.7983193277310923,6.649859943977591,0.4397478991596639,0.7320308123249301
Saint Ambrose University,Yes,897,718,10450,1500,500,4020,57600,96400,12,70,16470,0.8004459308807135,3.4972677595628414,5.853066180935033,0.39708561020036437,0.603217972070431
Saint Anselm College,Yes,2095,1553,12950,1120,450,5400,68700,114100,15,97,19920,0.7412887828162291,3.4487951807228914,5.727911646586345,0.4256965361445783,0.7020394076305221
Saint Cloud State University,No,3971,3306,4259,1884,350,2625,64600,109000,20,58,9118,0.8325358851674641,7.08488703663084,11.954375959640272,0.743967975433209,1.0970059223513928
Saint Joseph's University,Yes,2519,2003,12750,1690,350,6350,69300,124600,6,83,21140,0.7951568082572449,3.2781456953642385,5.894039735099338,0.3803157521286661,0.6517147587511827
Saint Louis University,Yes,3294,2855,11690,6800,800,4730,65400,110500,16,67,24020,0.8667273831208258,2.722731057452123,4.6003330557868445,0.29672148209825144,0.45397064945878435
Saint Mary's College,Yes,888,734,12730,1525,500,4514,58100,109200,17,98,19269,0.8265765765765766,3.0152057709273965,5.667133738128601,0.3745523898489802,0.6994135658311277
Saint Mary-of-the-Woods College,Yes,150,130,10300,1700,500,4130,51600,78800,0,75,16630,0.8666666666666667,3.1028262176788934,4.738424533974745,0.36605532170775706,0.5193926638604931
Saint Michael's College,Yes,1910,1380,13030,750,500,5860,61600,117200,21,84,20140,0.7225130890052356,3.058589870903674,5.819265143992055,0.3608738828202582,0.6507447864945383
Saint Vincent College,Yes,700,595,10850,900,500,3936,61100,104000,20,88,16186,0.85,3.774867169158532,6.42530581984431,0.45230446064500185,0.7438527122204374
Saint Xavier University,Yes,785,647,10860,794,600,4624,61000,111400,13,55,16878,0.824203821656051,3.614172295295651,6.600308093375992,0.3817839791444484,0.5870808152624719
Salem College,Yes,335,284,10475,2000,500,6300,48400,85500,18,60,19275,0.8477611940298507,2.511024643320363,4.43579766536965,0.2920881971465629,0.4364461738002594
Samford University,Yes,1680,1395,8236,1650,569,3700,60000,104600,2,61,14155,0.8303571428571429,4.2387848816672555,7.3896149770399155,0.460967855881314,0.7012186506534793
San Diego State University,No,9402,7020,8384,2400,612,5110,68800,124100,18,41,16506,0.7466496490108487,4.168181267417909,7.518478129165152,0.3923421786017206,0.5640448927662668
Santa Clara University,Yes,4019,2779,13584,1278,630,5928,87300,173100,23,100,21420,0.6914655386912167,4.07563025210084,8.081232492997199,0.509453781512605,1.0101540616246498
Sarah Lawrence College,Yes,1380,768,19300,700,600,6694,65000,119400,0,83,27294,0.5565217391304348,2.381475782223199,4.37458782149923,0.27822048801934496,0.48500586209423324
Scripps College,Yes,855,632,17238,800,600,7350,69000,111300,27,73,25988,0.7391812865497076,2.655071571494536,4.2827458827150995,0.29422233338463905,0.44274761428351544
Seattle Pacific University,Yes,1183,1016,12669,1250,600,4875,66600,126100,12,66,19394,0.8588334742180896,3.434051768588223,6.50201093121584,0.37096524698360317,0.6240718779003815
Seattle University,Yes,2115,1540,12825,1500,500,4375,75500,139600,19,89,19200,0.7281323877068558,3.9322916666666665,7.270833333333333,0.46611328125,0.8375260416666667
Seton Hall University,Yes,4576,3565,12000,1000,650,6484,70200,122900,9,64,20134,0.7790646853146853,3.4866395152478393,6.104102513161815,0.3683321744313102,0.5777292142644284
Siena College,Yes,2961,1932,10800,1090,575,5100,67200,122600,16,100,17565,0.6524822695035462,3.8257899231426133,6.979789353828637,0.47822374039282667,0.8724736692285796
Simpson College,Yes,1016,872,11250,1400,550,4980,61700,106900,14,70,18180,0.8582677165354331,3.393839383938394,5.88008800880088,0.379469196919692,0.5970159515951595
Skidmore College,Yes,4293,2728,18710,700,500,5970,66700,124000,19,81,25880,0.6354530631260191,2.5772797527047913,4.7913446676970635,0.29765745749613604,0.5218315301391035
Smith College,Yes,2925,1598,18820,1050,500,6390,65100,119900,31,90,26760,0.5463247863247863,2.4327354260089686,4.480568011958146,0.2923673393124066,0.5227485052316891
South Dakota State University,No,2807,2589,3811,1970,500,2190,62500,104000,19,67,8471,0.9223370146063413,7.378113563923976,12.277180970369496,0.812699209066226,1.2229961043560382
Southeast Missouri State University,No,2281,1870,4680,2150,200,3540,53600,94300,13,45,10570,0.8198158702323542,5.070955534531693,8.92147587511826,0.5454115421002839,0.7620033112582781
Southern Methodist University,Yes,4301,3455,12772,1802,576,5078,73900,139000,24,72,20228,0.8033015577772611,3.653351789598576,6.871663041328851,0.398012655724738,0.6876606683804627
Southwest Baptist University,Yes,1093,1093,7070,1000,400,2500,51200,84200,8,71,10970,1.0,4.667274384685506,7.675478577939836,0.5463992707383774,0.8133773928896991
Southwestern University,Yes,1244,912,11850,1050,600,4675,62300,111600,21,67,18175,0.7331189710610932,3.4277854195323245,6.140302613480055,0.3778610729023384,0.6050343878954608
Spalding University,Yes,283,201,8400,900,600,2800,57500,93800,0,89,12700,0.7102473498233216,4.52755905511811,7.3858267716535435,0.546998031496063,0.8649803149606299
Spelman College,Yes,3713,1237,7000,2400,660,5565,65400,98400,24,65,15625,0.3331537840021546,4.1856,6.2976,0.45208,0.62368
St. Mary's College of Maryland,No,1340,695,6800,1250,675,4730,64300,118200,23,63,13455,0.5186567164179104,4.7788926049795615,8.784838350055741,0.5138331475287997,0.8293013749535488
St. Thomas Aquinas College,Yes,861,609,8650,1750,500,5700,61000,100200,8,67,16600,0.7073170731707317,3.674698795180723,6.036144578313253,0.4071536144578313,0.6049246987951807
Stephens College,Yes,450,405,13900,2150,450,5200,54000,90300,4,59,21700,0.9,2.488479262672811,4.161290322580645,0.27799539170506915,0.4013652073732719
Stetson University,Yes,1557,1227,12315,1365,600,4565,56800,109500,8,73,18845,0.7880539499036608,3.0140620854338023,5.810559830193685,0.3466702042982223,0.6018506235075617
Stevens Institute of Technology,Yes,1768,1249,16900,750,450,5680,90300,168700,71,79,23780,0.706447963800905,3.7973086627418,7.094196804037006,0.41913898233809926,0.7447066862910008
Stonehill College,Yes,3646,2300,12170,800,480,6172,68600,126600,14,97,19622,0.6308283049917718,3.4960758332483945,6.451941698093976,0.43154367546631334,0.78994241157884
SUNY at Albany,No,13528,9198,6550,1560,700,4355,64900,125100,20,74,13165,0.6799231224127735,4.929737941511584,9.502468666919864,0.5547474363843524,0.9777250284846183
SUNY College at Geneseo,No,8598,4562,6550,650,600,4170,62900,116500,21,76,11970,0.5305885089555711,5.254803675856308,9.73266499582289,0.5994569757727652,1.0248538011695907
SUNY College at Plattsburgh,No,5549,3583,6550,1380,600,4176,57400,97400,11,65,12706,0.6457019282753649,4.517550763418857,7.665669762317016,0.5047812057295766,0.760565874390052
SUNY College at Potsdam,No,3150,2289,6840,1000,500,4660,53400,103500,11,59,13000,0.7266666666666667,4.107692307692307,7.961538461538462,0.46063461538461536,0.7448557692307692
Susquehanna University,Yes,2096,1512,16130,800,400,4710,62400,130600,22,90,22040,0.7213740458015268,2.8312159709618876,5.925589836660617,0.3411978221415608,0.6893148820326679
Sweet Briar College,Yes,462,402,14500,600,500,6000,53700,98900,18,61,21600,0.8701298701298701,2.486111111111111,4.578703703703703,0.27984375,0.43940393518518517
Syracuse University,Yes,10477,7260,15150,960,635,6870,72000,130100,27,67,23615,0.6929464541376348,3.048909591361423,5.509210247723904,0.32521702307855177,0.5312672030489096
Tabor College,Yes,257,183,7850,1500,400,3410,51400,86500,9,53,13160,0.7120622568093385,3.905775075987842,6.572948328267477,0.4373290273556231,0.614029255319149
Talladega College,Yes,4414,1500,5666,1400,1000,2964,43000,79900,21,46,11030,0.33982782057091077,3.898458748866727,7.243880326382593,0.4689483227561197,0.6613100634632819
Taylor University,Yes,1769,1092,10965,1250,450,4000,60800,121500,21,98,16665,0.6172979084228377,3.6483648364836485,7.290729072907291,0.4529252925292529,0.8991149114911491
Texas Christian University,Yes,4095,3079,8490,2400,650,3320,68500,119600,10,64,14860,0.7518925518925519,4.609690444145357,8.048452220726784,0.4899057873485868,0.765006729475101
Texas Southern University,No,4345,3245,7860,1700,600,3360,57100,92400,15,10,13520,0.7468354430379747,4.2233727810650885,6.834319526627219,0.38563239644970415,0.4182692307692308
Texas Wesleyan University,Yes,592,501,6400,1800,600,3484,52100,92500,6,43,12284,0.8462837837837838,4.241289482253338,7.530120481927711,0.4599784272224031,0.6367530934549007
Thiel College,Yes,1154,951,11172,1350,700,4958,49100,89200,18,60,18180,0.8240901213171578,2.7007700770077006,4.9064906490649065,0.3125687568756876,0.47799779977997797
Tiffin University,Yes,845,734,7600,1200,600,3800,54000,89500,2,39,13200,0.8686390532544379,4.090909090909091,6.78030303030303,0.43049242424242423,0.5616003787878788
Transylvania University,Yes,759,729,10900,1000,500,4450,58200,99900,24,70,16850,0.9604743083003953,3.4540059347181007,5.928783382789318,0.391246290801187,0.6077893175074184
Trinity University,Yes,2425,1818,12240,490,500,5150,65200,130600,26,93,18380,0.7496907216494846,3.547334058759521,7.105549510337323,0.43142002176278565,0.8450625680087052
Tuskegee University,Yes,2267,1827,6735,1425,600,3395,67700,101600,32,65,12155,0.8059108954565505,5.569724393253805,8.358700123406006,0.5965137803373097,0.8231180584121761
University of Alabama at Birmingham,No,1797,1260,4440,2200,750,5175,59400,101100,20,33,12565,0.7011686143572621,4.72741742936729,8.04615996816554,0.46161957819339433,0.5985177079188221
University of Central Florida,No,6986,2959,6618,1600,700,4234,61600,105500,19,46,13152,0.42356140853134844,4.683698296836983,8.021593673965937,0.4746046228710462,0.6665336070559611
University of Charleston,Yes,682,535,9500,750,400,3540,55200,94700,3,57,14190,0.7844574780058651,3.890063424947146,6.673713883016209,0.42868217054263563,0.6270172656800563
University of Chicago,Yes,6348,2999,18930,1254,500,6380,81600,150600,31,90,27064,0.47243226212980466,3.0150753768844223,5.564587644102867,0.3576707064735442,0.6444908365356192
University of Dallas,Yes,681,588,10760,1200,500,6230,64900,124300,21,63,18690,0.8634361233480177,3.472445157838416,6.650615302300696,0.37243846976993045,0.6227193686463349
University of Dayton,Yes,6361,5293,11380,900,500,4220,70400,127300,32,93,17000,0.8321018707750354,4.141176470588236,7.488235294117647,0.502,0.8910955882352941
University of Delaware,Yes,14446,10516,10220,1300,530,4230,71600,127600,24,75,16280,0.7279523743596843,4.398034398034398,7.837837837837838,0.4890970515970516,0.8115786240786241
University of Denver,Yes,2974,2001,15192,1350,400,4695,69100,129700,13,67,21637,0.6728312037659717,3.193603549475436,5.994361510375745,0.34372255858020984,0.5782860378056107
University of Detroit Mercy,Yes,927,731,11130,2166,600,3996,63900,107000,24,51,17892,0.7885652642934197,3.5714285714285716,5.980326402861614,0.364611278783814,0.5181785155376705
University of Dubuque,Yes,576,558,10430,1500,400,3620,54800,90400,9,45,15950,0.96875,3.4357366771159876,5.667711598746082,0.3656739811912226,0.49122257053291535
University of Evansville,Yes,2096,1626,11800,960,700,4340,60100,108400,20,77,17800,0.7757633587786259,3.3764044943820224,6.089887640449438,0.3895856741573034,0.6507584269662922
University of Florida,No,12445,8836,7090,1530,630,4180,68300,123700,31,66,13430,0.7100040176777822,5.085629188384215,9.21072226358898,0.5461466865227104,0.8864668652271035
University of Georgia,No,11220,7871,5697,1755,525,3600,68400,124800,16,63,11577,0.7015151515151515,5.908266390256543,10.779994817310184,0.6250755808931502,1.0087241945236245
University of Hartford,Yes,5081,4040,14220,1440,500,6000,67000,123300,12,66,22160,0.7951190710490061,3.023465703971119,5.5640794223826715,0.3261507220216607,0.5357513537906137
University of Hawaii at Manoa,No,3580,2603,4460,1281,687,3038,63900,110800,19,54,9466,0.7270949720670391,6.750475385590534,11.7050496513839,0.6986319459116839,1.0330657088527362
University of Indianapolis,Yes,1487,1276,11120,1405,525,4080,59500,97000,5,69,17130,0.8581035642232683,3.47343841214244,5.662580268534734,0.3900685931115003,0.5788820782253357
University of Kansas,No,8579,5561,6994,2681,700,3384,64900,118100,17,57,13759,0.6482107471733303,4.716912566320227,8.58347263609274,0.4923413765535286,0.7678337815248203
University of La Verne,Yes,1597,969,13540,2298,630,5050,61100,103000,5,47,21518,0.606762680025047,2.839483223347895,4.78669021284506,0.28997234873129474,0.4043707593642532
University of Louisville,No,4777,3057,6540,2440,530,3600,61100,100700,20,31,13110,0.6399413858069918,4.660564454614798,7.681159420289855,0.44375476735316555,0.560802822273074
University of Maine at Farmington,No,1208,803,6810,1647,450,3970,52700,81300,10,59,12877,0.6647350993377483,4.092568144754213,6.313582356138852,0.4610254717713753,0.6248252698609925
University of Maine at Presque Isle,No,461,381,6600,1675,400,3630,49300,84000,5,35,12305,0.8264642082429501,4.006501422186103,6.826493295408371,0.4394047135310849,0.5627793579845591
University of Miami,Yes,7122,5386,16500,1985,630,6526,70200,120000,22,59,25641,0.7562482448750351,2.737802737802738,4.68000468000468,0.28186303186303185,0.4251004251004251
University of Mississippi,No,3844,3383,4916,550,600,3810,59900,102800,13,53,9876,0.8800728407908429,6.065208586472256,10.409072498987443,0.6397706561360875,0.9275516403402188
University of Mobile,Yes,452,331,6150,1200,550,3680,49900,85500,4,52,11580,0.7323008849557522,4.309153713298791,7.383419689119171,0.4873488773747841,0.6871761658031088
University of Montevallo,No,1351,892,4440,600,300,3030,47700,86200,6,51,8370,0.6602516654330126,5.698924731182796,10.29868578255675,0.6560185185185186,0.9492532855436081
University of New England,Yes,1209,750,11450,2500,900,5045,59500,106200,7,64,19895,0.6203473945409429,2.990701181201307,5.338024629303845,0.32973108821311886,0.517516964061322
University of North Carolina at Asheville,No,1757,979,5972,750,600,3420,54600,88100,20,37,10742,0.5571997723392146,5.082852355241109,8.201452243530069,0.5283234034630423,0.6725586482964067
University of North Carolina at Chapel Hill,No,14596,5985,8400,1200,550,4200,68800,118200,23,83,14350,0.41004384762948753,4.794425087108014,8.236933797909408,0.5566550522648084,0.9138153310104531
University of North Carolina at Charlotte,No,5803,4441,7248,1900,600,3109,64700,111700,28,62,12857,0.7652938135447183,5.032278136423738,8.687874309714552,0.5377809753441705,0.8210896787742086
University of North Carolina at Greensboro,No,5191,4134,8677,1300,600,3505,53900,89100,12,53,14082,0.7963783471392796,3.827581309473086,6.327226246271836,0.4204569663400085,0.5860584434029257
University of North Dakota,No,2777,2249,5634,1200,450,2703,65800,114700,17,49,9987,0.8098667626935542,6.588565134675077,11.484930409532392,0.6588815460098127,0.9587839190948233
University of North Florida,No,1800,1253,6634,2604,600,4360,59400,103300,13,47,14198,0.6961111111111111,4.18368784335822,7.27567262994788,0.4324376672770813,0.6140917734892238
University of North Texas,No,4418,2737,4104,1700,450,3579,61500,110000,17,35,9833,0.6195110909913988,6.254449303366216,11.186819892199736,0.604151835655446,0.8199430489169124
University of Northern Colorado,No,5530,4007,7731,2286,540,4128,58500,100700,8,40,14685,0.7245931283905968,3.9836567926455566,6.857337419135172,0.4034729315628192,0.5471569628873
University of Northern Iowa,No,4144,3379,6197,2380,595,2930,57500,99100,9,77,12102,0.815395752895753,4.751280780036358,8.188729135680052,0.5523363906792266,0.8831907949099322
University of Notre Dame,Yes,7700,3700,16850,1350,600,4400,83600,160200,30,97,23200,0.4805194805194805,3.603448275862069,6.905172413793103,0.4433836206896552,0.8437176724137931
University of Oregon,No,8631,6732,10602,1530,570,3660,63500,119500,13,54,16362,0.7799791449426486,3.8809436499205474,7.303508128590637,0.4025333088864442,0.6335564111966753
University of Pennsylvania,Yes,12394,5232,17020,1544,500,7270,89100,171800,25,93,26334,0.42213974503792157,3.3834586466165413,6.523885471253893,0.40661787043365993,0.771692488797752
University of Portland,Yes,1758,1485,12040,1100,600,4100,73100,128400,30,72,17840,0.8447098976109215,4.0975336322869955,7.197309417040358,0.4472533632286996,0.7262331838565023
University of Puget Sound,Yes,4044,2826,16230,1800,630,4500,67500,134000,18,63,23160,0.6988130563798219,2.9145077720207255,5.785837651122625,0.30939658894645944,0.5355138169257341
University of Rhode Island,No,9643,7751,10330,1250,500,5558,67000,120800,20,63,17638,0.8037954993259359,3.7986166231999094,6.848849075858941,0.4040282344937068,0.6442340401406055
University of Richmond,Yes,5892,2718,14500,1125,700,3285,72600,129800,15,100,19610,0.46130346232179226,3.7021927587965324,6.61907190209077,0.46277409484956655,0.8273839877613463
University of Rochester,Yes,8766,5498,17840,882,500,6582,76800,140900,30,80,25804,0.6271959844855122,2.9762827468609516,5.460393737405053,0.33638195628584716,0.5847930553402573
University of San Diego,Yes,3934,2735,13600,1820,630,5940,73000,139000,15,66,21990,0.6952211489578037,3.3196907685311503,6.321055025011368,0.35118235561618916,0.5987949067758072
University of San Francisco,Yes,2306,1721,13226,2450,750,6452,73600,133600,12,62,22878,0.746313963573287,3.2170644287088033,5.839671299938805,0.33237171081388234,0.5356237433342075
University of Scranton,Yes,4471,2942,11584,800,650,5986,65700,117300,13,92,19020,0.6580183404160144,3.454258675078864,6.167192429022082,0.4182702418506835,0.7302576235541535
University of South Florida,No,7589,4676,6760,2180,500,3776,62000,110100,24,47,13216,0.6161549611279483,4.691283292978208,8.330811138014528,0.47612742130750607,0.6899496822033898
University of Southern California,Yes,12229,8498,17230,2210,600,6482,80800,150100,25,68,26522,0.6949055523755009,3.0465274112057914,5.659452529975115,0.3192821054219139,0.5413807405173064
University of Southern Indiana,No,2379,2133,4973,1425,500,3192,56000,90700,10,38,10090,0.8965952080706179,5.550049554013875,8.989098116947472,0.5708622398414271,0.734217046580773
University of Southern Mississippi,No,2850,2044,4652,500,500,2470,54000,94300,10,45,8122,0.7171929824561404,6.6486087170647625,11.610440778133464,0.7125707953705984,0.9916738488057129
University of the Pacific,Yes,2459,1997,16320,1171,646,5326,72900,132800,15,65,23463,0.8121187474583164,3.1070195627157653,5.659975280228445,0.32703085709414825,0.5344585091420534
University of Tulsa,Yes,1712,1557,11750,2350,1200,4160,72100,126000,36,47,19460,0.9094626168224299,3.7050359712230216,6.474820143884892,0.3538476361767729,0.5165724563206577
University of Utah,No,5095,4491,6857,3093,858,3975,68100,125900,23,37,14783,0.8814524043179588,4.606642765338565,8.516539268078198,0.42613982276939727,0.6069725360211053
University of Vermont,No,7663,6008,15516,990,500,4928,65700,120400,25,79,21934,0.7840271434164165,2.995349685419896,5.489194857299171,0.34366166681863775,0.5899288775417161
University of Wisconsin-Stout,No,2593,1966,6704,1750,376,2592,62900,102400,19,65,11422,0.7581951407635943,5.5069164769742605,8.96515496410436,0.600650061285239,0.8816319383645597
University of Wisconsin-Superior,No,910,910,7032,1960,550,2780,53500,96000,7,36,12322,1.0,4.3418276253854895,7.790943028729102,0.45508034409998377,0.6102905372504464
University of Wisconsin-Whitewater,No,4400,3719,6950,1200,300,2500,59700,105200,8,67,10950,0.8452272727272727,5.4520547945205475,9.60730593607306,0.6072945205479452,0.955296803652968
University of Wyoming,No,2029,1516,5988,1500,600,3422,63700,109800,23,45,11510,0.7471660916707737,5.534317984361425,9.539530842745439,0.5502280625543006,0.7755212858384014
Upper Iowa University,Yes,663,452,8840,1000,500,3060,54700,92000,2,78,13400,0.6817496229260935,4.082089552238806,6.865671641791045,0.4800932835820895,0.7514925373134328
Ursinus College,Yes,1399,1026,14900,800,500,5160,64900,131400,52,79,21360,0.7333809864188706,3.0383895131086143,6.151685393258427,0.3491982677902622,0.6566362359550562
Ursuline College,Yes,325,260,9600,750,450,4202,55900,89900,2,68,15002,0.8,3.7261698440207973,5.992534328756165,0.4233768830822557,0.616017864284762
Valley City State University,No,368,344,4286,2000,600,2570,48500,79400,3,40,9456,0.9347826086956522,5.1290186125211505,8.39678510998308,0.5737098138747885,0.737098138747885
Valparaiso University,Yes,2075,1727,11800,800,500,3260,65100,112400,26,95,16360,0.832289156626506,3.9792176039119806,6.87041564792176,0.48781326405867975,0.8311430317848412
Vanderbilt University,Yes,7791,4690,17865,952,630,6525,81700,148000,25,83,25972,0.6019766397124887,3.1456953642384105,5.6984444786693365,0.3590934467888495,0.6239411674110581
Vassar College,Yes,3550,1877,18920,800,600,5950,66100,124100,29,90,26270,0.5287323943661972,2.516178149980967,4.72401979444233,0.3021031594975257,0.550485344499429
Villanova University,Yes,7759,5588,15925,300,400,6507,81500,140400,24,96,23132,0.7201959015337028,3.5232578246584816,6.069514093031299,0.4314369704305724,0.7369877226353104
Virginia Commonwealth University,No,4963,3497,10217,3630,500,4182,61200,104800,19,45,18529,0.7046141446705622,3.3029305413136165,5.655998704733121,0.3342058394948459,0.4665659236871931
Virginia State University,No,2996,2440,5587,600,500,4845,57200,95000,18,31,11532,0.8144192256341789,4.960110995490808,8.23794658342005,0.49137183489420744,0.6183879639264654
Virginia Union University,Yes,1847,1610,7384,1763,500,3494,48700,73400,21,30,13141,0.8716838115863562,3.7059584506506353,5.585571874286584,0.40531542500570733,0.4758009283920554
Voorhees College,Yes,1465,1006,4450,1200,500,2522,38600,74100,13,58,8672,0.6866894197952218,4.4511070110701105,8.544741697416974,0.5648639298892989,0.8616524446494465
Wabash College,Yes,800,623,12925,635,500,4195,74200,140900,19,72,18255,0.77875,4.06463982470556,7.718433305943577,0.4425089016707751,0.7713503149821966
Wagner College,Yes,1416,1015,13500,1700,585,5800,69800,129100,5,75,21585,0.7168079096045198,3.233727125318508,5.981005327773917,0.36107250405374103,0.6186298355339356
Wake Forest University,Yes,5661,2392,13850,1250,500,4360,74100,145200,16,89,19960,0.4225401872460696,3.712424849699399,7.274549098196393,0.440562374749499,0.8368486973947896
Walsh University,Yes,1092,890,8670,1450,500,4180,57800,103100,11,68,14800,0.815018315018315,3.9054054054054053,6.966216216216216,0.44006756756756754,0.7002364864864865
Warren Wilson College,Yes,440,311,10000,1100,400,3052,47200,90900,8,63,14552,0.7068181818181818,3.2435404068169325,6.24656404617922,0.38255909840571745,0.6190472100054976
Wartburg College,Yes,1231,1074,11600,850,400,3610,59900,100900,27,67,16460,0.8724614134849715,3.6391251518833534,6.1300121506682865,0.405019744835966,0.6136315309842041
Washington and Lee University,Yes,3315,1096,13750,1115,680,4619,77500,162500,17,90,20164,0.3306184012066365,3.843483435826225,8.058916881571117,0.45718855385836144,0.9314248165046618
Washington College,Yes,1209,942,15276,300,500,5318,60700,103400,24,65,21394,0.7791563275434243,2.8372440871272318,4.833130784332056,0.3123247172104328,0.47449051135832476
Washington State University,No,6540,5839,8200,2719,800,4210,69200,124000,22,56,15929,0.8928134556574924,4.344277732437693,7.784543913616674,0.4422123171573859,0.6830309498399146
Wayne State College,No,1373,1373,2700,1660,540,2660,50100,86500,10,52,7560,1.0,6.626984126984127,11.441798941798941,0.7482142857142857,1.0611772486772486
Webster University,Yes,665,462,9160,500,500,4340,58500,99600,3,48,14500,0.6947368421052632,4.0344827586206895,6.86896551724138,0.42137931034482756,0.5914482758620689
Wellesley College,Yes,2895,1249,18345,700,500,5995,76900,134100,35,91,25540,0.431433506044905,3.010963194988254,5.250587314017228,0.3601164839467502,0.614873727486296
Wells College,Yes,318,240,14900,500,600,5550,56700,95500,19,69,21550,0.7547169811320755,2.6310904872389793,4.431554524361949,0.2988573085846868,0.45414733178654293
Wentworth Institute of Technology,Yes,1480,1257,9850,920,850,6050,78100,134000,54,64,17670,0.8493243243243244,4.419920769666101,7.583474816072439,0.455461233729485,0.7085455574419921
Wesley College,Yes,980,807,9890,1350,500,4674,58500,84400,4,84,16414,0.823469387755102,3.564030705495309,5.141951992201779,0.42296210551967833,0.5886438406238577
Wesleyan University,Yes,4772,1973,19130,1400,1400,5600,77600,149200,20,92,27530,0.41345347862531434,2.818743189248093,5.419542317471849,0.3386850708318198,0.6377769705775518
West Virginia Wesleyan College,Yes,1566,1400,14200,1100,450,3775,54400,108600,18,67,19525,0.8939974457215837,2.7861715749039693,5.562099871959027,0.31784891165172857,0.5503329065300896
Western Carolina University,No,3224,2519,6390,1622,110,2380,55600,88400,8,55,10502,0.7813275434243176,5.294229670538945,8.41744429632451,0.5782231955817939,0.7929442011045515
Western Michigan University,No,9167,7191,6940,1700,500,4100,63000,108800,16,55,13240,0.7844442020290171,4.758308157099698,8.217522658610273,0.4970732628398791,0.7348942598187311
Western Washington University,No,5548,3563,8124,2385,639,4144,68100,123600,17,61,15292,0.6422134102379236,4.453308919696573,8.082657598744442,0.46708246141773474,0.7438202981951347
Westmont College,No,950,713,14320,1410,490,5304,65700,133600,17,87,21524,0.7505263157894737,3.052406615870656,6.207024716595428,0.36214806727374094,0.70521278572756
Whitman College,Yes,1861,998,16670,800,750,4900,68400,135400,38,72,23120,0.5362708221386352,2.958477508650519,5.856401384083045,0.3268166089965398,0.5876297577854671
Whittier College,Yes,1681,1069,16249,1998,500,5699,63200,122900,17,52,24446,0.635930993456276,2.585290026998282,5.027407346805203,0.2662194224003927,0.4249570481878426
Widener University,Yes,2139,1492,12350,1350,500,5370,67600,113800,10,63,19570,0.6975222066386162,3.4542667347981606,5.815022994379151,0.3665559529892693,0.5524655084312724
Wilkes University,Yes,1631,1431,11150,1260,550,5130,63400,108500,11,67,18090,0.8773758430410791,3.5046987285793256,5.997788833609729,0.38472913211719184,0.5935254284134881
Willamette University,Yes,1658,1327,14800,790,400,4620,62700,127300,14,68,20610,0.8003618817852834,3.042212518195051,6.1766132945172245,0.33622028141678795,0.6026443474041727
William Jewell College,Yes,663,547,10060,2600,500,2970,59700,115400,13,59,16130,0.8250377073906485,3.7011779293242406,7.154370737755735,0.4000542467451953,0.654727216367018
William Woods University,Yes,469,435,10535,3700,550,4365,49800,78400,4,52,19150,0.9275053304904051,2.6005221932114884,4.093994778067885,0.2943603133159269,0.3914360313315927
Williams College,Yes,4186,1245,19629,1200,500,5790,81900,169200,36,99,27119,0.2974199713330148,3.0200228621999337,6.239168110918544,0.37557155499834066,0.7739407795272687
Wilson College,Yes,167,130,11428,475,450,5084,44200,69500,3,67,17437,0.7784431137724551,2.5348397086654813,3.985777369960429,0.30691919481562197,0.4284352239490738
Winona State University,No,3325,2047,4200,1200,300,2700,62500,101600,12,58,8400,0.6156390977443609,7.440476190476191,12.095238095238095,0.7894345238095238,1.1269047619047619
Winthrop University,No,2320,1805,6400,2150,580,3392,54200,93900,10,59,12522,0.7780172413793104,4.3283820475962305,7.498802108289411,0.4829300431241016,0.7167485226002236
Wisconsin Lutheran College,Yes,152,128,9100,1400,500,3700,61800,93700,12,50,14700,0.8421052631578947,4.204081632653061,6.374149659863946,0.4328231292517007,0.5684523809523809
Wittenberg University,Yes,1979,1739,15948,800,400,4404,60900,136200,17,78,21552,0.8787266296109146,2.8257238307349666,6.319599109131403,0.3265474201930215,0.6672002598366741
Wofford College,Yes,1501,935,12680,1440,605,4150,63700,129400,30,75,18875,0.6229180546302465,3.3748344370860925,6.855629139072848,0.3826158940397351,0.7089403973509933
Worcester Polytechnic Institute,Yes,2768,2314,15884,730,530,5370,89100,161000,86,82,22514,0.8359826589595376,3.9575375322021853,7.151105978502265,0.4456227236386249,0.7729634893843831
Xavier University,Yes,1959,1805,11520,1250,600,4960,64400,112900,5,83,18330,0.9213884635017866,3.513366066557556,6.1593016912165846,0.41088379705400985,0.6853996181123841
Xavier University of Louisiana,Yes,2097,1915,6900,781,617,4200,54200,102200,33,49,12498,0.9132093466857415,4.336693871019363,8.177308369339094,0.4696551448231717,0.7048927828452553
Yale University,Yes,10705,2453,19840,2115,630,6510,89700,168300,27,99,29095,0.22914525922466136,3.08300395256917,5.784499054820416,0.3832402474652002,0.7175502663687919
York College of Pennsylvania,Yes,2989,1855,4990,1250,500,3560,63500,103100,19,99,10300,0.6206088992974239,6.165048543689321,10.009708737864077,0.7677791262135922,1.2435558252427183
